Nom,Fonction,Intérêts représentés,Employeur,Nature de l'employeur
M. Serge CASSAGNE,,Syndicat national des auteurs d'inventions indépendants (SNAII-CGT),,
Mlle Véronika LEVENDOF,Direction générale - Mission veille législative,Assurance maladie - Caisse nationale (CNAMTS),CAISSE NATIONALE D'ASSURANCE MALADIE DES TRAVAILLEURS SALARIÉS,
M. Ghislain ABOBI,à son propre compte,ABOBI Ghislain,ABOBI GHISLAIN,Personne physique
M. Jean-Marie BOUTIN,directeur chargé des relations institutionnelles/présidence,ACCENTURE,ACCENTURE,Entreprise privée
M. Xavier FRANZ,Manager affaires gouvernementales et médico-économiques EIMEA - direction marketing,ACCURAY,ACCURAY,Entreprise privée
M. Jérôme PARDIGON,Responsable des relations institutionnelles,ACFCI (Assemblée des chambres françaises de commerce et d'industrie),ACFCI,Organisme public
Mme Isabelle BOISTARD,Déléguée Générale,"Alliance pour la Confiance Numérique Fédérations et associations : FIEEC, GIFAS, AFDEL Entreprises : ATT, Bull, Cassidian, CS, France Télécom Orange, IBM, Id3, Gemalto, Keynectis, Morpho, PrimX, Radiall, SAP, Siemens, STS, Thals, Xiring Laboratoires : CEA LETI Caisse des Dépôts",ACN ALLIANCE POUR LA CONFIANCE NUMÉRIQUE,Organisation professionnelle
M. Olivier MIDIERE,Président ,Alliance Tic's/SFIB (Syndicat professionnel Tic) ; Association française des développeurs logiciels (AFDEL) ; Confédération générale des PME (CGPME) ; Fédération française des télécoms ; Syntel Informatique ; Fédération des industries électriques et électroniques (FIEEC) ; Filière des industries électroniques et numériques (FIEN),ADEN FRANCE,Association
Mme Marie-Elsa PAQUIN,Présidence,Association Française d'Epargne et de retraite,AFER,Association
M. Babacar DIOP,Chargé de mission/PDG,"AFTPR (aménageur foncier, développement urbain)",AFTPR,Organisme public
Mlle Anne PEYRICOT,"Directrice des relations institutionnelles, rattachée à la direction générale",ANRU agence nationale pour la rénovation urbaine,AGENCE NATIONALE POUR LA RÉNOVATION URBAINE,Organisme public
Mme Patricia MANENT,Direction générale / Chargée des relations avec le Parlement et les institutions ,AIR FRANCE,AIR FRANCE,Entreprise privée
M. Thierry SUEUR,Directeur des Affaires européennes et internationales/Rattaché au Président,AIR LIQUIDE,AIR LIQUIDE SA,Entreprise privée
Mme Claire ALLANCHE,Directeur des affaires publiques France,AIRBUS SAS,AIRBUS SAS,Entreprise privée
M. Laurent KOZLOWSKI,Directeur-gérant,PRODIAL - RAGT - FINDUS - DUC - BONDUELLE - ROSCKWOOL - PAYEN - THERMAL CERAMICS - ELECTROPOLI,ALKEA,Société de conseil
Mlle Juliette LANGLAIS,Chargée de mission affaires publiques - direction internationale,ALSTOM,ALSTOM,Entreprise privée
M. Maurice BENASSAYAG,Directeur des relations institutionnelles,ALSTOM TRANSPORT,ALSTOM TRANSPORT,Entreprise privée
M. Vincent ZAPPIA,Chargé de mission affaires institutionnelles,American Jewish Committee,AMERICAN JEWISH COMMITTEE,Association
M. François MATTENS ,Secrétaire Général,Promotion de l'esprit et de la culture de défense auprès de nos élus et citoyens,ANAJ-IHEDN,Association
M. Pierre BRETEL,Délégué général de l'ANEM (Association nationale des Elus de la montagne),ANEM (Association nationale des élus de la montagne),ANEM (ASSOCIATION NATIONALE DES ÉLUS DE LA MONTAGNE),Association
M. Jean-Paul AMEILHAUD,Conseiller auprès du président de l'Association nationale des officiers de carrière en retraite (ANOCR),"Association nationale des officiers de carrière en retraite des veuves, veufs et orphelins d'officiers (ANOCR)",ANOCR,Association
M. Gilles POIDEVIN,Président,ANPEA - Association nationale professionnelle pour les engrais et les amendements,ANPEA,Organisation professionnelle
M. Gilles LAMARQUE,Directeur général,"Association Française de l’Industrie des Fontaines à eaux, Agence de médecine préventive, Association nationale des opérateurs détaillants en énergie, Association pour la Promotion des Dispositifs Médicaux, Association française des sociétés de placement immobilier, Institut de la protection sociale, Syndicat de l'industrie du diagnostic in vitro, Syndicat national des négociants indépendants en métaux précieux, Republic technologies, Union nationale de l'assainissement non collectif, Visa, Vins et Société ",ANTHENOR PUBLIC AFFAIRS,Société de conseil
M. Guillaume BAUGIN,Direction générale conseiller parlementaire,Assemblée permanente des chambres d'agriculture (APCA),APCA,Organisme public
M. Serge BLANC,Secrétaire général,Association APPSCPI Supports collectifs de placement immobilier,APPSCPI,Association
Mme Marielle ABRIC,Conseiller parlementaire auprès de la direction générale,Association des régions de France,ARF ASSOCIATION DES RÉGIONS DE FRANCE,Association
M. Nicolas DE WARREN,Directeur des relations institutionnelles,ARKEMA,ARKEMA,Entreprise privée
Mlle Pasquine ALBERTINI,"Responsable communication, rattachée au Délégué général","Armateurs de France, organisation professionnelle des entreprises françaises de transport et de services maritimes. Elle regroupe tous les secteurs d'activité maritime au commerce (transport de marchandises, transport de passagers, services maritimes, recherche et technologie, approvisionnement de matériaux marins, services portuaires, activités offshore. Ses missions : défendre et promouvoir les intérêts des entreprises françaises de transport maritime, assurer la communication et la promotion de l'image du transport maritime, négocier les conventions collectives et les accords sociaux de la branche, informer et conseiller ses adhérents sur les questions sociales, juridiques, fiscales, techniques et économiques concernant leur activité.",ARMATEURS DE FRANCE,Organisation professionnelle
Mme Isabelle RICHARD,Chargée de relations institutionnelles - rattachement Délégué Général,ASF - Association Française des Sociétés Financières,ASF,Association
Mme Laurence GUILLERM,Directrice de la communication,ASFA,ASFA,Organisation professionnelle
M. Alexis BOUYGUES,Chargé de mission auprès du Délégué général,ASMETP-ETIT (ASSOCIATION DES MOYENNES ENTREPRISES PATRIMONIALES et des entreprises de taille intermédiaire),ASMEP-ETI,Organisation professionnelle
Mlle Marylène JOUVIEN,Chargée de l'actualité et des relations parlementaires auprès de la direction générale,L'ADF intervient auprès du Parlement sur le PJL sur le fonctionnement et les compétences des conseils généraux,ASSEMBLEE DES DEPARTEMENTS DE FRANCE,Association
M. Atte OKSANEN,Chargé des relations avec le parlement,Assemblée des communautés de France (AdCF),ASSEMBLÉE DES COMMUNAUTÉS DE FRANCE(ADCF),Association
Mme Béatrice SAILLARD,Directeur Département des relations institutionnelles nationales. Rattaché à la Direction générale,"950 000 entreprises artisanales. L'APCM agit pour que la place de l'artisanat soit reconnue à part entière dans l'économie, au niveau national et européen. L'APCM représente les chambres de métiers et de l'artisanat (CMA) auprès des pouvoirs publics pour que leurs intérêts et ceux des entreprises artisanales soient pris en compte dans les programmes de développement, les lois et réglementations et bénéficient d'évolutions favorables à leur développement",ASSEMBLÉE PERMANENTE DES CHAMBRES DE MÉTIERS,Organisme public
M. Pascal CHEVREMONT,Délégué général,Association des brasseurs de France Société de promotion de la bière française,ASSOCIATION DES BRASSEURS DE FRANCE SOCIÉTÉ DE PROMOTION DE LA BIÈRE FRANÇAISE,Organisation professionnelle
M. Olivier LANDEL,Délégué général,Association des communautés urbaines de France Association Agence de financement des collectivités locales,ASSOCIATION DES COMMUNAUTÉS URBAINES DE FRANCE,Association
M. Patrice LEFORT-LAVAUZELLE,Président,"Entreprises liées à la Défense, principalement hors armement",ASSOCIATION DES ENTREPRISES PARTENAIRES DE LA DEFENSE,Association
M. Alexandre TOUZET,Chargé de mission Relations avec le Parlement - Rattachement Direction générale,Association des Maires de France,ASSOCIATION DES MAIRES DE FRANCE,Association
M. Christian LALU,directeur général,Association des maires des grandes villes de France,ASSOCIATION DES MAIRES DES GRANDES VILLES DE FRANCE,Association
M. Cédric SZABO,Directeur,Association des maires ruraux de France,ASSOCIATION DES MAIRES RURAUX DE FRANCE,Association
Mme Olivia MALEVILLE DE,"Responsable des affaires publiques, rattachée à la présidence",Association française des Etablissements publics territoriaux de bassin (AFEPTB),ASSOCIATION FRANÇAISE DES ÉTABLISSEMENTS PUBLICS TERRITORIAUX DE BASSIN,Association
Mme Margaux BERNARD,Secrétaire générale,GROUPE FLAMME - ASE - BAUDELET - LBDI - CSP - CHAMPENOISE D'ENVIRONNEMENT - CHAMPS JOUAULT - CHARIER DV - CHEVALIER - CHIMIREC - DELTA DECHETS - GROUPE PIZZORNO - ECV - ECOTRI - ECT - ENTREPRISE PASUTTO - ESV - GO TRANS - GURDEBEKE - AHUTES TERRES ENVIRONNEMENT - HC ENVIRONNEMENT - HP SERVICE - IKOS - JOURDAIN TRANSPORTS - LELY- LOCA RECUPER - MVTP - MARTINEZ SA - MOULIN SA - OCEAN SARL - GROUPE PENA - RDS - RECYCLAGE DES VALLEES - ROMI SA - SX ENVIRONNEMENT - SECAF CHAMFRAY - GROUPE SECHE - SEPUR - SETEO - SIBUET - SODICOME - SPHERE - VALTERRA - THEAUD - THIERACHE ENVIRONNEMENT - TREE - TRILOGIE - TUMBACH TRIGENIUM,ASSOCIATION GNPMED,Association
Mme Elsa CHANTEREAU,Responsable des relations institutionnelles (rattachement : présidence de l'ANIA),Présentation et défense des intérêts des industries alimentaires,ASSOCIATION NATIONALE DES INDUSTRIES AGROALIMENTAIRES,Organisation professionnelle
Mme Evangelia PETIT,Chef de bureau Information des Publics et responsable affaires publiques à la Direction de la communication ASN,Autorité de sûreté nucléaire (ASN),AUTORITE DE SURETE NUCLEAIRE (ASN),Autorité administrative
Mlle Sophie QUATREHOMME,Conseillère pour les relations parlementaires et institutionnelles,Autorité des marchés financiers (AMF),AUTORITE DES MARCHES FINANCIERS,Autorité administrative
Mlle Caroline RAISON,Chargée de mission auprès du Président,Autorité de régulation des activités ferroviaires,AUTORITÉ DE RÉGULATION DES ACTIVITÉS FERROVIAIRES,Autorité administrative
Mme Stéphanie ARNOUX-COUDERC,Chargée des relations institutionnelles - rattachée à la présidence direction générale,Aéroports de Paris,AÉROPORTS DE PARIS,Organisme public
Mme Véronique BENSAID,"Conseillère parlementaire, auprès du Gouverneur. Cabinet du Gouverneur","Banque de France, Commission bancaire",BANQUE DE FRANCE,Organisme public
M. Jean-Jacques SANTINI,Directeur de la direction des affaires institutionnelles,BNP Paribas,BNP PARIBAS,Entreprise privée
M. Guillaume LABBEZ,Directeur conseil,Bayer environmental science Mars Chocolat France Française des jeux Interfel GEICET SORAP,BOURY & ASSOCIÉS,Société de conseil
M. Christophe SIMON,"Chargé des relations parlementaires, rattaché à la Direction des affaires juridiques et institutionnelles",Mutualité sociale agricole,CAISSE CENTRALE DE LA MUTUALITÉ SOCIALE AGRICOLE,Organisme privé chargé d'une mission de service public
Mme Patricia CHANTIN,Responsable des relations avec les parlementaires rattachée à la direction générale,Caisse national des allocations familiales,CAISSE NATIONALE DES ALLOCATIONS FAMILIALES,Organisme public
M. Olivier MAILLEBUAU,Attaché de direction (cabinet de la présidence),Caisse nationale du régime sociale des indépendants (RSI),CAISSE NATIONALE DU RÉGIME SOCIAL DES INDÉPENDANTS,Organisme privé chargé d'une mission de service public 
M. Blaise MISTLER,"Directeur des relations extérieures, rattaché directement au PDG",Canal Overseas,CANAL OVERSEAS,Entreprise privée
M. Dominique PROUX,Secrétarat Général - Responsable des relations institutionnelles et parlementaires,Confédération de l'Artisanat et des Petites Entreprises du Bâtiment,CAPEB,Organisation professionnelle
Mme Véronique ETIENNE-MARTIN,Conseiller parlementaire et responsable de la valorisation des études,Chambre de commerce et d'industrie de Paris,CCIP,Organisme public
M. Jean-Pierre VIGOUROUX,Chef du service des affaires publiques (pôle stratégie et relations extérieures),Commissariat à l'énergie atomique,CEA,Organisme public
M. Emmanuel VERNY,Délégué général,"Conseil des entreprises, employeurs et groupements de l'économie sociale Association des fondations pour l'économie sociale (ASFONDES) Conférence permanente des coordinations associatives (CPCA) FNMF, GEMA, UNIFED Union des syndicats et groupements d'employeurs représentatifs de l'économie sociale (USGERES) Conseil national des chambres régionales de l'économie sociale (CNCRES) L'économie partenaire de l'école de la République (L'ESPER) CJDES, Caisse d'épargne, chèque déjeuner, MACIF, MAIF MATMUT, mutuelle des motards",CEGES,Organisation professionnelle
Mme Patricia FERRE,Chef du département des relations avec les élus au sein de la direction des relations extérieures et de la communication du Centre des monuments nationaux,Centre des monuments nationaux : patrimoine de l'Etat,CENTRE DES MONUMENTS NATIONAUX,Organisme public
Mme Marie-Pierre VERNHES,"Chargée des relations extérieures, rattachée à la direction générale","Le CNIEL représente les intérêts de l'ensemble des acteurs de la filière laitière : producteurs de lait, industries laitières coopratives et industries laitières de droit privé",CENTRE NATIONAL INTERPROFESSIONNEL DE L'ÉCONOMIE LAITIÈRE,Organisation professionnelle
Mme Anne-Florence QUINTIN,Service économie et société Confédération CFDT,Confédération CFDT,CFDT CONFÉDÉRATION,Organisation professionnelle
Mlle Agathe GIGNOUX,Chargée d'affaires publiques,CIWF France,CIWF FRANCE,Bureau français affilié à l'ONG Compassion in World Farming
Mlle Céline MAS,Directeur conseil,"Air Liquide SA, AstraZeneca, Fondation Transplantation, Germitec, Ingredia, Pimkie, Rio Tinto, Socoma",CLAI,Société de conseil
Mme Claude JAHIER,Secrétaire générale,"Le CNAFAL a pour but l'étude et la défense des droits et des intérêts moraux et matériels des familles et de chacun de leurs membres, quelles que soient les formes et les réalités sociales de ces groupes d'humains. Organisation agréée par l'UNAF en 1978. Le CNAFAL est agréé organisation nationale de consommateurs depuis plus de 30 ans. Il siège au Conseil national de la consommation et à l'Institut national de la consommation",CNAFAL,Association
M. François HUREL,Délégué général rattaché à la Présidence,Compagnie Nationale des Commissaires aux comptes en charge de la représentation des intérêts de la profession,CNCC,Organisation professionnelle
M. Pierre TREFOURET,"Directeur de la communication externe, de l'éducation et des affaires publiques",Centre national d'études spatiales (CNES),CNES,Organisme public
M. Marc TEYSSIER D'ORFEUIL,Directeur général,"INAPORC (club des amis du cochon), CIFOG (club vive le foie gras), AVE (associations des voitures écologiques), club de la table française, club des PPP, club de l'emballage léger en aluminium, Nespresso, club France Terre de Tourisme, club de l'accession à la propriété",COM'PUBLICS,Société de conseil
Mlle Amendine DUC,Direction générale. Responsable des relations avec le Parlement et les pouvoirs publics,UNICEF - UNICEF FRANCE,COMITÉ FRANÇAIS DE L'UNICEF,Association
M. Jean DELALANDRE,Directeur de mission (présidence),"Association française des PME innovantes, 300 adhérents, un réseau de 4000 PME et ETT, notamment IXSEA, ELNO, NEXEYA, AXO, EOLANE",COMITÉ RICHELIEU,Association
Mme France DE SAINT-MARTIN,Chargée de mission pour les relations institutionnelles à la direction des relatins institutionnelles et de la communication,Commission de régulation de l'énergie,COMMISSION DE RÉGULATION DE L'ÉNERGIE,Autorité administrative
M. Geoffroy SIGRIST,Attaché parlementaire auprès du cabinet du président,Commission nationale de l'informatique et des libertés,COMMISSION NATIONALE DE L'INFORMATIQUE ET DES LIBERTÉS (CNIL),
Mlle Estelle WANOU,Chargée des relations extérieures,Confédération française des travailleurs chrétiens (CFTC),CONFÉDÉRATION FRANÇAISE DES TRAVAILLEURS CHRÉTIENS,Entreprise privée
M. Hervé BOULLANGER,Secrétaire Général,,CONSEIL DE L'ORDRE DES EXPERTS-COMPTABLES,Organisation professionnelle
Mme Fanny FAVOREL PIGE,Secrétaire générale,Conseil du Commerce de France,CONSEIL DU COMMERCE DE FRANCE,Organisation professionnelle
Mlle Hélène LEBLANC,"Chargée des affaires européennes et internationales, Secrétariat général",Conseil national de l'ordre des pharmaciens,CONSEIL NATIONAL DE L'ORDRE DES PHARMACIENS,Organisation professionnelle
M. Lucas PISANI,Chargé de mission. Présidence de l'ordre,Conseil national de l'ordre des sages-femmes,CONSEIL NATIONAL DE L'ORDRE DES SAGES-FEMMES,Organisation professionnelle
Mme Françoise LOUIS-TREFOURET,Responsable des relations institutionnelles,"GIE Conseil national des Barreaux, Barreau de Paris, Conférence des Bâtonniers",CONSEIL NATIONAL DES BARREAUX,Organisation professionnelle
Mme Christine MANDELLI,Chargée des relations avec les institutions - Direction générale,Conseil supérieur du Notariat,CONSEIL SUPERIEUR DU NOTARIAT,Organisation professionnelle
Mme Irène DE BRETTEVILLE,Responsable des Relations parlementaires auprès de la Direction générale,Confédération des entreprises coopératives agricoles,COOP DE FRANCE,Organisation professionnelle
M. Jérôme BRUNEL,Directeur des affaires publiques (Direction générale),Crédit agricole SA,CREDIT AGRICOLE SA,Entreprise privée
M. Emmanuel GUICHARD,Secrétaire général,Chambre syndicale française de la levure (CSFL),CSFL,Organisation professionnelle
M. Thierry ARCHAMBAULT,Président délégué,Voiture : BMW/Chevrolet/Chrysler/Daihatsu/Ferrari/Fiat/Ford/General Motors/Honda/Hyundai/Jaguar Land Rover/Kia/Mazda/Mercedes-Benz/Mitsubishi/Nissan/Porsche/Ssangyond/Subaru/Suzuki/Toyota/Volkswagen/Volvo Aotos Véhicule industriel : DAF Trucks/Iveco/Mam/Man camions/Mercedes-Benz/Scania/Volvo Trucks Bus et car : Evobus/Past concept car/Iveco irisbus/Man Neoman/Scania/Van Hool/Volbus & Coach Moto : Aprilia/BMW/Ducati/Harley Davidson/Honda/Kawasaki/KTM/Kymcolux/Motana/Piaggi/Sidam/Sida Sidem/Suzuki/Triumph/yamaha,CSIAM,Société de conseil
M. Olivier SALAMITO,Secrétaire général adjoint,Conseil supérieur de l'ordre des experts-comptables CSOEC,CSOEC,Organisation professionnelle
Mme Rebecca PERES,Directrice des Affaires publiques (rattachée à la direction générale),DCNS,DCNS,Entreprise majoritairement détenue par l'Etat
M. Stephen LEQUET,Responsable des relations institutionnelles,Droits des Non Fumeurs (DNF),DROITS DES NON FUMEURS (DNF),Association
M. Michael KELLER,Directeur des relations institutionnelles,Du Pont de Nemours,DU PONT DE NEMOURS,Entreprise privée
Mme Annick PERRIMOND DU BREUIL,Directeur des relations avec le Parlement,"EADS, société mère de : AIRBUS, EUROCOPTER, ASTRIUM, CASSIDIAN",EADS FRANCE,Entreprise privée
Mme Emmanuelle GARAULT,"Directrice des affaires institutionnelles pour eBay France, rattachée au directeur général et à la directrice euroopéenne des affaires institutionnelles",eBay France,EBAY FRANCE SA,Entreprise privée
M. Ismaël NEYME,Directeur des relations institutionnelles,Eco-Emballages,ECO-EMBALLAGES,Entreprise privée
Mme Diane ROLAND-GOSSELIN,"Directrice des relations institutionnelles, rattachée à la Direction Générale",Edenred France,EDENRED FRANCE,Entreprise privée
M. Gérard TROUVE,,,EDF,Organisme public
M. Elie SPIROUX,Directeur délégué aux pouvoirs publics et collectivités locales,EIFFAGE Travaux publics,EIFFAGE TRAVAUX PUBLICS,Entreprise privée
M. Benoist DOIN,Directeur Affaires publiques,ENEL,ENEL FRANCE,Entreprise privée
Mme Sophie THUOT-TAVERNIER,responsable des affaires publiques - direction de la santé visuelle,Essilor France et Essilor International (zone Europe),ESSILOR FRANCE,Entreprise privée
Mme Anne-Laure HENAULT,Consultante en affaires publiques (département affaires publiques),"Fédération des Particuliers Employeurs de France, IPERIA l’Institut, Sorin Group, IFEC, ANACOFI ",FAIRVALUE CORPORATE & PUBLIC AFFAIRS,Société de conseil
Mme Marie HOMMEAU,Consultante en affaires publiques (département affaires publiques),"Fédération des Particuliers Employeurs de France, IPERIA l’Institut, Sorin Group, IFEC, ANACOFI ",FAIRVALUE CORPORATE & PUBLIC AFFAIRS,Société de conseil
Mme Fabienne PROUVOST,Directeur de la communication,Fédération des entreprises du commerce et de la distribution (FCD),FCD,Organisation professionnelle
M. Anthony FREMONDIERE,Directeur du développement et de la vie institutionnelle,Fédération de l'hospitalisation privée,FEDERATION DE L'HOSPITALISATION PRIVEE (FHP),Organisation professionnelle
Mme Nicole GIBOURDEL,Déléguée générale de la Fédération des Maires des villes moyennes (FMVM),Les élus locaux des villes moyennes centres de 20 000 à 100 000 habitants les présidents des structures communales intégrant une ville moyenne,FEDERATION DES MAIRES DES VILLES MOYENNES,
M. Sébatsien PICARDAT-POUPARDIN,"Direction générale, rattaché au Président",Entreprises de négoce agricole (commerce des grains et distribution - conseil en agrofournitures),FEDERATION DU NEGOCE AGRICOLE,Organisation professionnelle
M. Laurent MARTIN SAINT LEON,Délégué général - Direction générale,"Défense des intérêts et représentation des entreprises du négoce de bois et des matériaux de construction : Point P, Gadimat, CRM Distribution, Wolseley, Bigmat, Stormat, France Matériaux, Matnor, Tout Faire, Batiland, Nebgram, Sylvalliance, Accueil Négoce, BDN, Fransbonhomme",FEDERATION DU NEGOCE DE BOIS ET DES MATERIAUX DE CONSTRUCTION,Organisation professionnelle
M. Michel JULIEN-VAUZELLE,Direction générale,Adhérents de la F.F.D.M. ,FEDERATION FRANCAISE DE LA DISTRIBUTION DES METAUX,Organisation professionnelle
M. Pascal FAVRE,Secrétaire Général,"FEDERATION FRANCAISE DES INDUSTRIES DE SANTE - FEFIS La FEFIS fédère 12 syndicats professionnels dont les adhérents qui créent, fabriquent ou distribuent des produits de santé tels que les médicaments humains et vétérinaires, les dispositifs médicaux, les produits d'optique, les produits dentaires ; représente plus de 1000 entreprises",FEDERATION FRANCAISE DES INDUSTRIES DE SANTE - FEFIS,Organisation professionnelle
M. Jean-Paul LABORDE,Directeur des affaires parlementaires,FEDERATION FRANÇAISE DES SOCIETES D'ASSURANCE (FFSA),FEDERATION FRANÇAISE DES SOCIETES D'ASSURANCE,Organisation professionnelle
M. Benoit VANSTAVEL,"Responsable des relations avec le Parlement, rattaché à la direction générale",Fédération française du bâtiment (FFB),FEDERATION FRANÇAISE DU BATIMENT,Organisation professionnelle
Mlle Samia BADAT-KARAM,Directrice des affaires publiques,"FEDOM - promotion du développement économique et social des territoires français d'outre mer, par ses études, ses propositions, ses actions de sensibilisation et d'information. Elle regroupe les organisations professionnelles de chaque collectivité : MEDEF, MPI, CCI, fédérations professionnelles (BTP, tourisme, distribution) et les entreprises ou organismes ayant des liens étroits avec l'outre-mer. ",FEDOM,Organisation professionnelle
Mlle Jeanne CHABBAL,"Responsable affaires publiques, rattachée au Secrétaire général de la FEHAP",Fédération des établissements hospitaliers et d'aide à la personne privée non lucratifs (FEHAP),FEHAP,Organisation professionnelle
Mlle Marie HEDIN,Chargée de mission,Fédération des ensembles vocaux et instrumentaux spécialisés (FEVIS),FEVIS,Association
M. Frédéric PLAN,Délégué Général,Fédération des combustibles carburants et chauffage (FF3C),FF3C,Organisation professionnelle
M. Hugues BEYLER,Directeur,FFCB (Fédération française des commerçants en bestiaux),FFCB,Organisation professionnelle
Mme Yolaine AUROUSSEAU PERRIN,Directrice des relations institutionnelles et de la Prévention - membre du comité de direction,Fonds de garantie des assurances obligatoires de dommages (FGAO) Fonds de garantie des victimes d'actes de terrorisme et d'autres infractions,FGAO,Personne morale de droit privé
M. Léonard COX,Directeur délégué - Délégation générale,"Fédération des industries électriques, électroniques et de communication (FIEEC) - 29 syndicats, 3000 entreprises, 420 000 salariés, 100 milliards CA",FIEEC,Organisation professionnelle
M. Charles ARONICA,Responsable juridique rattaché au vice-président en charge des opérations,Fédération des industries des équipements pour véhicules (FIEV) Syndicat des fabricants d'équipements et de pièces pour automobiles (SFEPA),FIEV (FÉDÉRATION DES INDUSTRIES D'ÉQUIPEMENTS POUR VÉHICULES),Organisation professionnelle
M. Ekia Gilbert KUM,Présidence,FON KUM GILBERT CONSULTING,FON KUM GILBERT CONSULTING,Société de conseil
Mme Agnès VERDIER-MOLINIE,Directeur,"Fondation iFRAP (institut français pour la recherche sur les administrations et les politiques publiques), fondation reconnue d'utilité publique par décret du premier ministre en conseil d'état (JO du 19/11/2009)",FONDATION IFRAP,fondation reconnue d'utilité publique
M. Jean-Luc GIRONDE,Attaché de presse du Secrétaire Général,Confédération Force Ouvrière,FORCE OUVRIERE,Organisation professionnelle
M. Julien BLUTEAU,Chargé des affaires publiques,FRANCE ENERGIE EOLIENNE,FRANCE ENERGIE EOLIENNE,Organisation professionnelle
Mme Agnès GAUBERT,Vice-présidente,"Start-up et PME-PMI des cleantech (environnement, développement durable, énergie)",FRANCE ENERGIE NOUVELLE,Association
Mlle Morgane PIEDERRIERE,Attachée de direction fédérale chargée des relations institutionnelles,Association France Nature Environnement,FRANCE NATURE ENVIRONNEMENT,Association
Mme Anne GRAND D'ESNON,Directrice des relations institutionnelles de France Télévision (rattachement secrétaire général),"Groupe France Télévisions (F2, F3, F4, FR, RFO)",FRANCE TELEVISIONS,Organisme public
Mme Séverine DE COMPREIGNAC,"Responsable des relations institutionnelles, direction de la communication",L'ensemble des banques françaises représentées sur le territoire,FÉDÉRATION BANCAIRE FRANÇAISE,Organisation professionnelle
M. Alain SOUILLEAUX,Responsable des affaires juridiques et européennes,"Organisation professionnelle représentant 130 enseignes dans 30 secteurs, 30 200 entrepreneurs. 40 000 points de vente. ",FÉDÉRATION DES ENSEIGNES DU COMMERCE ASSOCIÉ,Organisation professionnelle
M. Charles-Henri DOUMERC,Chargée de mission auprès du Secrétaire général,Fédération EAF (électricité Autonome française),FÉDÉRATION EAF,Organisation professionnelle
Mlle Sandrine MARCOT,Directeur général,Fédération française de la carrosserie,FÉDÉRATION FRANÇAISE DE LA CARROSSERIE,Organisation professionnelle
M. Cyrille PERNOT,Responsable des relations institutionnelles et de la communication (rattaché au président),Fédération française des masseurs-kinésithérapeutes rééducateurs (FFMKR),FÉDÉRATION FRANÇAISE DES MASSEURS KINÉSITHÉRAPEUTES RÉÉDUCATEURS (FFMKR),Organisation professionnelle
M. Pierre-Yves LAVALLADE,Directeur général adjoint en charge des relations avec le Parlement et les collectivités territoriales (rattachement : direction générale),Sociétés adhérentes de la FFT: France Télécom / Orange ; SFR ; Bouygues Télécom ; AFORST ; Colt France ; NRJ Mobile ; La Poste Mobile ; MG Mobile ; Prosodie ; Oméa Télécom ; Wifrist et Atos Worldline,FÉDÉRATION FRANÇAISE DES TÉLÉCOMS,Association
M. Jean-Jacques VEREECKEN,Directeur,Fédération Française des Vins d'Apéritif,FÉDÉRATION FRANÇAISE DES VINS D'APÉRITIFS,Organisation professionnelle
Mme Laurence LIDY-BASSET,Directeur des relations institutionnelles,Fédération nationale de l'immobilier,FÉDÉRATION NATIONALE DE L'IMMOBILIER,Organisation professionnelle
M. Vincent FIGUREAU,Responsable du département des relations extérieures (au sein de la direction des affaires publiques - DAP),Mutualité française (Fédération nationale de la Mutualité française - FNMF),FÉDÉRATION NATIONALE DE LA MUTUALITÉ FRANÇAISE,Organisation professionnelle
M. Hervé REBOLLO ,Secrétaire général,"D.L.R. - Fédération nationale des distributeurs, loueurs et réparateurs de matériels de BTP et de manutention","FÉDÉRATION NATIONALE DES DISTRIBUTEURS, LOUEURS ET RÉPARATEURS DE MATÉRIELS DE BTP ET DE MANUTENTION",Organisation professionnelle
M. Jean-Philippe STREBLER,Directeur,Fédération nationale des SCoT (schémas de cohérence territoriale),FÉDÉRATION NATIONALE DES SCOT,Association
Mme Nadine NORMAND,Chargée des relations avec le Parlement à la Direction générale de la FNSEA,FNSEA,FÉDÉRATION NATIONALE DES SYNDICATS D'EXPLOITANTS AGRICOLES,Organisation professionnelle
M. Jean-Louis CADORET,Chargé des relations avec l'Assemblée nationale au Secrétariat fédéral,Fédération nationale du Crédit Agricole (FNCA) ,FÉDÉRATION NATIONALE DU CRÉDIT AGRICOLE,Association
M. Tristan MATHIEU,Délégué général,Fédération professionnelle des entreprises de l'eau,FÉDÉRATION PROFESSIONNELLE DES ENTREPRISES DE L'EAU,Fédération professionelle
M. Lionel ARTUSIO,vice-président en charge des relations institutionnelles,"Groupe de réflexions (loi 1901) - commission ""NTIC et société numérique"" - commission ""défense, sécurité et enjeux internationaux"" - commission ""monde de l'entreprise et innovation""",G-NOVA,Association
Mme Carol GALIVEL,Gérante,FNAIM - BARNES - ERA - KNIGHT FRANK Collectivités locales - CERENISIMO - SILIC UBS - GLOBAL REAL ESTATE - CAFPI HERMITAGE ASSET MANAGEMENT,GALIVEL ET ASSOCIÉS,Société de conseil
M. Laurent KESTEL,Directeur,"Groupement des autorités organisatrices de transport (GART), association regroupant 277 AOT et oeuvrant en faveur de la promotion et du développement du transport public en France",GART (GROUPEMENT DES AUTORITES RESPONSABLES DE TRANSPORT),Association
Mme Catherine BOURRIENNE-BAUTISTA,Déléguée générale rattachée au Comité directeur,"GEMME (Association représentative de l'industrie des médicaments génériques, ville, hôpital, biosimilaires)",GEMME,Organisation professionnelle
M. Yves LE GOFF,Délégué général,"Gemalto, Inside Secure, Imprimerie nationale, Oberthur technologies, Sagem Morpho, STMIcroelectronics SPS, Thales Secure Systems",GIXEL,Organisation professionnelle
Mme Béatrice MICHELET,Responsable de missions Affaires publiques,"Fédération nationale Groupama (Association, organisation professionnelle de la Mutualité agricole) Groupama SA (Assurances mutuelles agricoles) Fédération française des sociétés d'assurance mutuelles (Présidence de la FFSAM assurée par le Directeur général de Groupama. Secrétariat général placé sous la responsabilité du Secrétaire général de Groupama)",GROUPAMA SA,Entreprise privée
M. Jean RICHARD DE LATOUR,"Directeur des études, de l'innovation et des Affaires publique Groupe",Groupe Carrefour,GROUPE CARREFOUR,Entreprise privée
M. Claude RISAC,Directeur des relations extérieures/Holding direction générale,Groupe Casino,GROUPE CASINO,Entreprise privée
Mme Michèle FERNIOT,Consultante parlementaire et politique,"L'ALLIANCE DES OFFICIERS PUBLICS (Notaires, avoués, huissiers, courtiers en marchandises assermentés)",GROUPE DE PARIS,Société de conseil
Mlle Joëlle BONNEFON,Déléguée aux relations parlementaires - rattaché au conseiller du Président en charge des affaires territoriales et du service public,Groupe LA POSTE,GROUPE LA POSTE,Organisme public
Mlle Elisa VALL,"Cabinet du président, déléguée aux relations institutionnelles",Groupe LA POSTE,GROUPE LA POSTE,Organisme public
M. Stanislas ANDRE,Directeur Général,GROUPE PROSECURE - Syndicat SYNAMAME - Association Impis - Association Entrepreneurielles - Collectif Acteur du Bâtiment durable,GROUPE PROSECURE SARL,Société de conseil
Mme Lisa SULLEROT,"Responsable des relations institutionnelles, direction déléguée",Groupe QUALITEL (et ses organismes certificateurs CERQUAL et CERQUAL patrimoine),GROUPE QUALITEL,Association
Mme Louise HARCOURT (D'),Directeur des affaires parlementaires et politiques,groupe Renault,GROUPE RENAULT,Entreprise privée
Mme Nathalie IRISSON,Responsable Communication,"Syndicat professionnel des assureurs mutualistes suivants et de leurs filiales : groupe AGPM Assurances, Altima Assurances, AMDM, AMF Mutuelle, Assurances Banque Populaire IARD, Ethias Droit commun, Groupe GMF, groupe IMA, groupe MAAF, Groupe MACIF, Groupe MAE, Groupe MAIF, MAPA, groupe MATMUT, MFA, groupe Monceau Assurances, MISPM, Natixis Assurances, SMACL Assurances, le Sou Médical, USU, GCE Assurances IARD",GROUPEMENT DES ENTREPRISES MUTUELLES D'ASSURANCE,Organisation professionnelle
Mme Laure DARCOS,Direction générale - Directrice des Relations institutionnelles auprès du Président,HACHETTE LIVRE,HACHETTE LIVRE,Entreprise privée
Mlle Marion SCAPPATICCI,"Direction de la communication et des relations extérieures, chargée des relations avec les élus","HADOPIE, Haute autorité pour la diffusion des oeuvres et la protection des droits sur Internet, Autorité publique indépendante",HADOPI,Organisme public
M. Jean-Paul LEFEBVRE,Directeur adjoint des relations extérieures - secrétariat général,Groupe humanis,HUMANIS,Entreprise privée
M. Cédric BOREL,Directeur général,Institut français pour la performance énergétique du bâtiment (IFPEB),IFPEB,Association
M. Arnaud BENEDETTI,Directeur de l'information scientifique et de la communication Responsable de la communication Aviesan 'Alliance pour les sciences de la vie et de la santé),Ceux de l'Institut National de la Santé et de la Recherche Médicale (INSERM) Etablissement public à caractère scientifique et technologique placé sous la double tutelle du ministère de la santé et du ministère de la recherche Seul organisme de recherche en France entièrement dédié à la santé humaine,INSERM,Organisme public
M. Pierre BACHELOT,chargé des relations institutionnelles à la direction générale,Institut national de prévention et d'éducation à la santé (INPES),INSTITUT NATIONAL DE PRÉVENTION ET D'ÉDUCATION À LA SANTÉ (INPES),Organisme public
M. Alexandre GIUGLARIS,Délégué général,Institut pour la justice,INSTITUT POUR LA JUSTICE,Association
Mlle Marine COLLI,"Chargée des relations avec le Parlement, service enjeux publics nationaux et communautaires, rattaché à la Direction générale",INTERBEV (Association nationale interprofessionnelle du bétail et des viandes),INTERBEV,Interprofession
M. Aristide LUNEAU,Directeur,"FFTB (Fédération française des tuiles et briques), Promotoit, eCORP, IFP-EN, Cresus, Soitec",INTEREL FRANCE,Société de conseil
M. Régis RIVAILLER,Conseiller parlementaire (rattaché à la direction générale),Jeunes agricultuers,JEUNES AGRICULTEURS,Organisation professionnelle
Mme Anne-Florence LIEURE,Directeur des relations institutionnelles rattachée à la présidence du groupe KEOLIS,KEOLIS,KEOLIS,Entreprise privée
Mlle Héloïse TARRAUD,Directeur des relations extérieures (Directions relations extérieures et communication),"Syndicat de la confiserie, syndicat du chocolat, syndicat des fabricants de biscuits et gâteaux ; syndicat des céréales du petit-déjeuner, syndicat de la panification croustillante et moëlleuse ; syndicat du café ; syndicat des inidustries alimentaires diverses ; syndicat des miels ; syndicat de la diététique et des compléments alimentaires ; syndicat de l'alimentation de l'enfance et de la nutrition clinique",L'ALLIANCE 7,Organisation professionnelle
M. Alain GUILLEN,"Directeur affaires publiques France, rattaché au directeur général Lafarge ciments et directeur développement durable et affaires publiques Lafarge (groupe)",LAFARGE CIMENTS LAFARGE BETONS GRANULATS LAFARGE PLATRES,LAFARGE CIMENTS,Entreprise privée
M. Bruno AUTIN,Direction de la communication,Association nationale Le Refuge,LE REFUGE,Association
Mme Muriel CARROLL,"Directeur Affaires publiques, rattachée au Directeur général",LEEM (les entreprises du médicament),LEEM,Organisation professionnelle
M. Grégoire JOVICIC,Président de l'association,Association les petits porteurs de Vivendi,LES PETITS PORTEURS DE VIVENDI,Association
M. Yannick LUCAS,Directeur général,Ligue nationale contre le cancer,LIGUE NATIONALE CONTRE LE CANCER,Association
M. Christophe AUBEL,Directeur,"Ligue Roc, association agréée au titre de la protection de la nature, et reconnue d'utilité publique",LIGUE ROC,Association
M. Samuel BOUTEILLER,Directeur associé,Chambre nationale des Huissiers de Justice Caisse nationale d'assurance vieillesse des professions libérales ,LOBBSONN,Société de conseil
M. Thierry COSTE,Fondateur et directeur,"Fédération Nationale des Chasseurs, Syndicat National des Vétérinaires d'exercice libéral, Fédération Nationale de la Pêche ",LOBBYING ET STRATEGIES,Société de conseil
M. Stéphane TISSERAND,Responsable des relations institutionnelles (direction de la communication institutionnelle),MAIF (Mutuelle d'Assurance des Instituteurs de France),MAIF,Entreprise privée
Mme Patricia CHOLLET,Chargée des relations avec le Parlement auprès de la direction générale,MBDA,MBDA FRANCE,Entreprise privée
M. Guillaume RESSOT,Directeur des affaires publiques,80 branches professionnelles 148 unions patronales territorialisées 750 000 entreprises,MEDEF,Organisation professionnelle
M. Yannick BERTOLUCCI,Chargé de mission administration et relations institutionnelles (Présidence),Offices de tourisme et syndicats d'initiative de France,OFFICES DE TOURISME DE FRANCE - FÉDÉRATION NATIONALE,Association
M. Régis CUSINBERCHE,"Avocat, conseiller parlementaire auprès du Bâtonnier de l'Ordre des avocats de Paris",Ordre des avocats de Paris,ORDRE DES AVOCATS DU BARREAU DE PARIS,Etablissement d'intérêt public
M. Gilles MATHELIÉ-GUINLET,"Secrétaire général, rattaché à la présidence","Organisation des transporteurs routiers européens, organisation professionnelle française de transport routier",ORGANISATION DES TRANSPORTEURS ROUTIERS EUROPÉENS,Organisation professionnelle
M. Jean-Christophe TOULON,Directeur Adjoint de Cabinet,PARIS-HABITAT OPH,PARIS-HABITAT OPH,Organisme public
M. Philippe GODFRAIN ,Directeur général,Fédération des chambres syndicales de l'industrie du verre,PHILIPPE GODFRAIN CONSEIL SARL,Société de conseil
M. Christophe CEVASCO,"Directeur des affaires publiques et du développement, membre du COMEX (rattaché à la présidence de Philips France)",PHILIPS France et ses filiales,PHILIPS FRANCE,Entreprise privée
M. Christophe DROGUERE,Directeur des affaires publiques rattaché à la Présidence,POWEO,POWEO,Entreprise privée
M. Frédéric DE SAINT-SERNIN,"Directeur des relations institutionnelles, rattaché à la présidence","Groupe PPR : Gucci Group, Redcats, Conforama, Fnac, CFAU, Puma",PPR,Entreprise privée
M. Benoît TABAKA,Directeur des affaires juridiques et réglementaires,PRICEMINISTER SAS - VOYAGER MOINS CHER SAS - TMG MEDIA GROUPE SAS - RAKUTEN Inc - RAKUTEN Europe - LINKSHARE (Rakuten Group) - BUY.COM (Rakuten Group) - Association des Services Internet Communautaires (ASIC),PRICEMINISTER SAS,Entreprise privée
Mme Malika SEGUINEAU,Responsable juridique (direction juridique du PRODISS),"PRODISS : Syndicat national des producteurs, diffuseurs et salles de spectacle musicale et de variété",PRODISS,Organisation professionnelle
M. Jacques-Henri SEMELLE,Secrétaire général,"Union française des industries de l'habillement (UFIH) Chambre professionnelle de la porcelaine, poterie, faïence (CPPPF) Fédération française de la chaussure (FFC) Groupement des industriels et fabricants de l'optique GIFO) Carton ondulé de France (COF) Centre national d'innovation et de formation des prothésistes dentaires (CNIFPD)",PROFRANCE,Association
M. Benjamin MARTIN,Directeur conseil adjoint - départemet affaires publiques,Value retail Huawei technologie IKEA,PUBLICIS CONSULTANTS FRANCE,Société de conseil
Mlle Bérénice RAVACHE,Déléguée aux relations institutionnelles (Direction Générale),Radio France,RADIO FRANCE,Organisme public
M. Laurent MAZILLE,Secrétaire Général de la RATP DEV,"RATP et ses filiales : RATP Dev, Logistranports, Xelis, Systra, Metrobus, Promometro, Telcité",RATP,Organisme public
M. Pascal DUPEYRAT,Consultant affaires publiques,"Audible Magic, Paris Capitale Mondiale de la Beauté, Solaris, Pierre Letang Avocat",RELIANS CONSULTING,Société de conseil
Mme Marie-Reine DU BOURG,"Responsable des relations parlementaires, relations extérieures de la communication",Réseau ferré de France,RESEAU FERRE DE FRANCE,Organisme public
M. Fabrice GUYON,Consultant politique aux affaires sociales,SAS Groupe G SAS Indigène Anapurna Consulting American Pole Consulting,SAS GROUPE G,Entreprise privée
M. Didier PARIS,"Directeur à la direction générale du groupe SAUR, en charge des affaires publiques",Groupe SAUR,SAUR,Entreprise privée
Mlle Anne GOURAULT,Directrice conseil,"Confédération générale des betteraviers Chambre nationale de l'ordre des architectes (CNOA) ; Union nationale des syndicats de l'immobilier (UNIS) ; GIE Cartes bancaires CB ; Syndicat national des établissements et résidences privés pour les personnes âgées (SYNERPA) ; Centre d'étude et de documentation du sucre (CEDUS) ; Fedene, IGN, IRSN, Janssen, PSA, Fédération des agents généraux d'assurance, La Poste, Syntec Ingéniérie, CEA, CNAVPL, UNEDIC, Vermillon",SEANCE PUBLIQUE SAS,Société de conseil
M. Eric SENSI,Directeur des affaires corporate,SEITA - GROUPE IMPERIAL TOBACCO (Fabrication - Commercialisation de produits du tabac),SEITA - GROUPE IMPERIAL TOBACCO FRANCE,Entreprise privée
M. Philippe CHARLET,Secrétaire général,"Les producteurs de ciment en France et de chaux, LAFARGE, CALCIA, HOLCIM, VICAT, KERNEOS",SFIC,Organisation professionnelle
Mlle Karine GROSSETETE,"Conseillère parlementaire, rattachée au Secrétariat Général",SNCF,SNCF,Organisme public
Mme Anne DAUMAS,Directrice Générale,Syndicat national des vétérinaires d'exercice libéral (SNVEL),SNVEL,Organisation professionnelle
Mme Cathy GENTILI,Directrice des relations institutionnelles rattachée à la Présidence,S.B.E. - Société de Banque et d'Expansion,SOCIETE DE BANQUE ET D'EXPANSION,Entreprise privée
M. Vincent TALVAS,"Directeur des affaires publiques, rattaché au secrétaire général",Société française du Radiotéléphone (SFR),SOCIÉTÉ FRANÇAISE DU RADIOTÉLÉPHONE,Entreprise privée
M. Arnaud JACQUET,Directeur des affaires publiques - Direction générale,Société SOLVAY,SOCIÉTÉ SOLVAY,Entreprise privée
M. Christophe LE BLANC,Directeur des relations institutionnelles (rattachement : Direction générale),Solocal group et ses filiales en France et à l'étranger,SOLOCAL GROUP,Entreprise privée
Mlle Elisabeth RONZIER ,Présidente,SOS homophobie,SOS HOMOPHOBIE,Association
M. Emmanuel SOETAERT,,Statkraft France Plaine de l'Ain Power,STATKRAFT FRANCE SAS,Entreprise privée
Mme Cécile LEPERS,Déléguée générale,Synabio - syndicat des entreprises biologiques,SYNABIO,Organisation professionnelle
M. Jean-Philippe ALOSI,Délégué général du Synalam,ADS LORRAINE/Air médical Santé/Air Products healthcare/AIR SANTE/Alliance médicale service/Alternative Amma/ASDIA EST/Bastide le confort médical/Bordo2 médical/Buirette/CALEA/ Centre matériel paramédical/CREMIEUX/Dans's médical et transport/DIADOM/Dinno santé/DOMICILIA SANTE/EQUIPMEDICAL/MARINA/France Oxygene/France SANTE/FSK/GIPHARMAD Médical service/Handi-Pharm/Home air/HOMEPERF/HOSPIDOM/HUMANAIR MEDIAL/HSE/IPS/LINDE MEDICAL DOMICILE/LVL/MAT MEDIC/Matériel PARAMEDICAL/MBAR/MEDIC CENTRE/Medical service/Medicapool/MERLIIN/Mediloc/PARAPHARM 85/Mediservice +/Nestlé Homecare/PER U LOR/PERRON TORTAY/ORKYN/Présence médicale/Proxymed/RESPI'Santé/SANETIS/SANTEPLUS/SEPRODOM/SAS SERVICE/STUDIO SANTE/SUD PERFUSION/VITALAIRE/VIVISOL,SYNALAM,Organisation professionnelle
M. Luc LADONNE,Président directeur général,"Syndicat national des activités liées aux animaux domestiques et non domestiques, aux végétaux d'ornement, à l'environnement et au cadre de vie (professionnels de la filière des animaux de compagnie, des commerçants et artisans fleuristes).",SYNAPSES,Organisation professionnelle
Mme Maxence DEMERLE,Déléguée générale adjointe,Syndicat de l'industrie des technologies de l'information ,SYNDICAT DE L'INDUSTRIE DES TECHNOLOGIES DE L'INFORMATION,Organisation professionnelle
Mlle Elsa COSTA,Présidente,"Syndicat de la Juridiction administrative (SJA), syndicat majoritaire des juges administratifs, lequel a pour objet, en application de l'article 3 de ses statuts, de défendre les intérêts matériels et moraux des membres du corps des tribunaux administratifs et cours administratives d'appel",SYNDICAT DE LA JURIDICTION ADMINISTRATIVE,Organisation professionnelle
M. Jean-Pierre DE BOUTSELIS,Président,Syndicat national de l'achat d'or et de bijoux,SYNDICAT NATIONAL DE L'ACHAT D'OR ET DE BIJOUX,Organisation professionnelle
M. François-Régis MOULINES,"Directeur des affaires publiques, juridiques et de la communication",Syndicat national de l'Industrie des technologies médicales (SNITEM),SYNDICAT NATIONAL DE L'INDUSTRIE DES TECHNOLOGIES MÉDICALES,Organisation professionnelle
M. Gilles CHABERT,Président du syndicat national des moniteurs du ski français,Syndicat national des moniteurs du ski français,SYNDICAT NATIONAL DES MONITEURS DU SKI FRANÇAIS,Organisation professionnelle
M. Christian ROMEAS,Président,SYNOPE Syndicat des opticiens sous enseigne,SYNOPE,Organisation professionnelle
Mme Marie-Dominique SALAUN,Déléguée générale,TDIE transport développement intermodalité environnement ,TDIE,Association
Mme Isabelle CAPUTO,Directeur des relations parlementaires et politiques - direction de la stratégie,THALES,THALES,Entreprise privée
M. Thomas LEGRAIN,Associé Gérant,Union francilienne des centres de gestion et associations agréés (UFCA) Conseil supérieur de l'ordre des experts-comptables Union des industries de la fertilisation Association des femmes diplômées d'expertise comptable administrateurs Fédération des femmes administrateurs Club secteur public des experts-comptables Fondation greffe de vie,THOMAS LEGRAIN CONSEIL,Société de conseil
M. Olivier TAZE,Direction de la communication,"Syndicat professionnel hôtelier, plagiste, restaurateur",TOPTIMIZ,Entreprise privée
M. François TRIBOT LASPIERE,"Secrétaire général, relations institutionnelles, adjoint au directeur affaires publiques France et ONGs",TOTAL S.A.,TOTAL S.A.,Entreprise privée
Mlle Marina YUNG,Chargée d'études juridiques,Transparence-international (France) ,TRANSPARENCE-INTERNATIONAL (FRANCE),Association
Mme Sophie DARTEVELLE,Présidente,UFSBD (Union Française pour la Santé Bucco-dentaire) Association loi 1901 - Centre Collaborateur OMS,UFSBD,Association
M. François FEUILLET,Président,UNI VDL,UNI VDL,Organisation professionnelle
Mlle Maud TARNOT,Chargée des relations institutionnelles auprès de la direction générale,UNICEM - Union nationale des industries de carrières et matériaux de construction UNED - Union nationale des exploitants du déchet,UNICEM,Organisation professionnelle
M. Pierre-Henri DE LONGCAMP,Chargé de communication et affaires publiques,UNIFA - Union des industries de la fertilisation,UNIFA,Organisation professionnelle
M. Matthieu ROSY,Directeur général,UNIMEV (Union française des métiers de l'événement),UNIMEV,Organisation professionnelle
Mme Anne CHANON,"Directrice des relations institutions et société, rattachée à la direction générale",Union des anonceurs (UDA),UNION DES ANNONCEURS (UDA),Organisation professionnelle
Mme Dominique MARCILHACY,Porte parole,Union des familles en Europe,UNION DES FAMILLES EN EUROPE,Association
M. Jean-Charles BOCQUET,"Directeur général, rattaché au Président)",Entreprises du secteur de la protection des plantes,UNION DES INDUSTRIES DE LA PROTECTION DES PLANTES,Organisation professionnelle
M. Claude BOULLE,Président exécutif,UNION DU GRAND COMMERCE DE CENTRE VILLE (UCV),UNION DU GRAND COMMERCE DE CENTRE VILLE,Organisation professionnelle
M. Philippe FOURNY,Secrétaire général,Union Française des Orthoprothésistes (UFOP),UNION FRANCAISE DES ORTHOPROTHESISTES UFOP,Organisation professionnelle
M. Bruno AGEORGES,Directeur des relations institutionnelles,Union française des industries pétrolières,UNION FRANÇAISE DES INDUSTRIES PÉTROLIÈRES,Organisation professionnelle
M. Christian CHAVANE,Directeur des relations institutionnelles,Union française des industries pétrolières (UFIP),UNION FRANÇAISE DES INDUSTRIES PÉTROLIÈRES,Organisation professionnelle
M. Ronald MAIRE,conseiller technique : organisation territoriales - politiques sanitaires et sociales,UNIOPSS (union nationale interfédérale des oeuvres et organismes privés sanitaires et sociaux),UNIOPSS,Organisation professionnelle
Mme Caroline DUC,Chargée des relations avec le Parlemenet,"UPA (Union professionnelle artisanale) qui regroupe : CGAD (alimentation de bétail), CAPEB (Bâtiment), CNAMS (métiers de service)",UPA,Organisation professionnelle
M. Benjamin CHKROUN,Délégué général,"USEM : Union nationale des mutuelles étudiantes régionales (MEP, SMENO, SMEREP, MGEC, SMEBA, SMERAG, SEM)",USEM,Union de mutuelles
M. Jérémy SEEMAN,consultant sénior,"UMIH (Union des métiers et des industries de l'hôtellerie) Numericable, Enerplan, TAJ, AACC (syndicat des agences conseils en communication), FESP, Bouygues immobilier",VAE SOLIS CORPORATE,Société de conseil
M. M'Hammed SAJIDI,Président,"VAINCRE L'AUTISME, association Loi 1901",VAINCRE L'AUTISME,Association
Mlle Dorothée COUCHARRIERE,Directeur affaires publiques et communication attaché à la présidence,Société Vattenfall,VATTENFALL,Organisme public
Mme Marie-Thérèse SUART-FIORAVANTE,"Directeur des relations institutionnelles, rattaché à la direction générale","VEOLIA environnement et ses divisions : VEOLIA eau, VEOLIA Propreté, VEOLIA Transport et DALKIA/VEOLIA Energie",VEOLIA ENVIRONNEMENT,Entreprise privée
Mme Lorraine LENOIR,"Diretrice Conseil en charge des Affaires publiques - Pôle Corporate, crise, affaires publiques",CGI (Confédération Française du Commerce interentreprises) UNCGFL (Union nationale des grossistes en fruits et légumes) FNICGV (Fédération nationale des intermédiaires des commerces de gros en viande) Wrigley's La Poste FNCPLA (Fédération nationale du commerce des produits laitiers et agricoles),WEBER SHANDWICK FRANCE - CMGRP FRANCE SAS,Société de conseil
